Player Name,HPRHP,HPLHP,HPHome,HPAway,HPPower,HPFinese,HPFlyball,HPGroundball,HPAvg
David Ortiz,0.2679324895,0.2763157895,0.2787878788,0.2601351351,0.3375796178,0.2315270936,0.2487804878,0.2595419847,0.2896551724